{
  "win_rate_by_seat": {
    "1": 0.375,
    "2": 0.3984375,
    "3": 0.3828125,
    "4": 0.6328125,
    "5": 0.484375,
    "6": 0.484375,
    "7": 0.4296875,
    "8": 0.59375
  },
  "win_rate_by_role": {
    "werewolf": 0.5546875,
    "seer": 0.4453125,
    "witch": 0.4453125,
    "villager": 0.4453125
  },
  "avg_survival_rounds_by_seat": {
    "1": 2.78515625,
    "2": 2.90625,
    "3": 2.8984375,
    "4": 3.16015625,
    "5": 3.08984375,
    "6": 3.0859375,
    "7": 3.11328125,
    "8": 3.1875
  },
  "seer_check_value_by_seat": {
    "1": {
      "checks": 45,
      "hits": 15
    },
    "2": {
      "checks": 66,
      "hits": 14
    },
    "3": {
      "checks": 64,
      "hits": 22
    },
    "4": {
      "checks": 64,
      "hits": 17
    },
    "5": {
      "checks": 67,
      "hits": 21
    },
    "6": {
      "checks": 75,
      "hits": 23
    },
    "7": {
      "checks": 74,
      "hits": 21
    },
    "8": {
      "checks": 71,
      "hits": 21
    }
  },
  "witch_save_usage_by_seat": {
    "1": {
      "antidote": 27,
      "poison": 11
    },
    "2": {
      "antidote": 28,
      "poison": 26
    },
    "3": {
      "antidote": 29,
      "poison": 25
    },
    "4": {
      "antidote": 28,
      "poison": 28
    },
    "5": {
      "antidote": 29,
      "poison": 28
    },
    "6": {
      "antidote": 29,
      "poison": 27
    },
    "7": {
      "antidote": 24,
      "poison": 24
    },
    "8": {
      "antidote": 27,
      "poison": 26
    }
  },
  "vote_consistency_by_seat": {
    "1": 0.5209580838323353,
    "2": 0.7083333333333334,
    "3": 0.665083135391924,
    "4": 0.7325349301397206,
    "5": 0.7445109780439122,
    "6": 0.7,
    "7": 0.7728194726166329,
    "8": 0.8263473053892215
  },
  "speech_length_by_seat": {
    "1": 47.703125,
    "2": 55.1875,
    "3": 41.828125,
    "4": 78.41015625,
    "5": 45.71875,
    "6": 58.79296875,
    "7": 59.078125,
    "8": 70.765625
  },
  "wolf_win_rate_by_model": {
    "openai:llama-4-maverick-17b-128e-instruct-fp8": 0.578125,
    "openai:gpt-4.1": 0.359375,
    "openai:glm-4-32b": 0.46875,
    "alibaba:qwen-turbo": 0.40625,
    "anthropic:claude-haiku-4-5-20251001": 0.375,
    "google:gemini-2.0-flash": 0.578125,
    "openai:doubao-1-5-lite-32k-250115": 0.796875,
    "openai:deepseek-chat": 0.875
  },
  "good_win_rate_by_model": {
    "openai:glm-4-32b": 0.4166666666666667,
    "alibaba:qwen-turbo": 0.3958333333333333,
    "anthropic:claude-haiku-4-5-20251001": 0.3854166666666667,
    "google:gemini-2.0-flash": 0.453125,
    "openai:doubao-1-5-lite-32k-250115": 0.5260416666666666,
    "openai:deepseek-chat": 0.5520833333333334,
    "openai:llama-4-maverick-17b-128e-instruct-fp8": 0.453125,
    "openai:gpt-4.1": 0.3802083333333333
  },
  "wolf_survival_days_by_model": {
    "openai:llama-4-maverick-17b-128e-instruct-fp8": 3.046875,
    "openai:gpt-4.1": 2.71875,
    "openai:glm-4-32b": 3.09375,
    "alibaba:qwen-turbo": 2.8125,
    "anthropic:claude-haiku-4-5-20251001": 2.78125,
    "google:gemini-2.0-flash": 2.984375,
    "openai:doubao-1-5-lite-32k-250115": 3.421875,
    "openai:deepseek-chat": 3.484375
  },
  "wolf_elim_rate_by_model": {
    "openai:llama-4-maverick-17b-128e-instruct-fp8": 0.53125,
    "openai:gpt-4.1": 0.921875,
    "openai:glm-4-32b": 0.578125,
    "alibaba:qwen-turbo": 0.8125,
    "anthropic:claude-haiku-4-5-20251001": 0.78125,
    "google:gemini-2.0-flash": 0.59375,
    "openai:doubao-1-5-lite-32k-250115": 0.34375,
    "openai:deepseek-chat": 0.25
  },
  "good_id_hit_rate_by_model": {
    "openai:glm-4-32b": 0.37681159420289856,
    "alibaba:qwen-turbo": 0.450354609929078,
    "anthropic:claude-haiku-4-5-20251001": 0.43209876543209874,
    "google:gemini-2.0-flash": 0.42680776014109345,
    "openai:doubao-1-5-lite-32k-250115": 0.42424242424242425,
    "openai:deepseek-chat": 0.475177304964539,
    "openai:llama-4-maverick-17b-128e-instruct-fp8": 0.41798941798941797,
    "openai:gpt-4.1": 0.4741532976827095
  },
  "belief_deviation_influenced_rate": 0.3731800766283525,
  "belief_deviation_influenced_rate_by_seat": {
    "1": 0.19696969696969696,
    "2": 0.4253731343283582,
    "3": 0.27205882352941174,
    "4": 0.3065326633165829,
    "5": 0.375,
    "6": 0.33004926108374383,
    "7": 0.3645833333333333,
    "8": 0.6010928961748634
  }
}