{
  "win_rate_by_seat": {
    "1": 0.3958333333333333,
    "2": 0.3125,
    "3": 0.4375,
    "4": 0.6458333333333334,
    "5": 0.5208333333333334,
    "6": 0.6041666666666666,
    "7": 0.22916666666666666,
    "8": 0.6041666666666666
  },
  "win_rate_by_role": {
    "werewolf": 0.5625,
    "seer": 0.4375,
    "witch": 0.4375,
    "villager": 0.4375
  },
  "avg_survival_rounds_by_seat": {
    "1": 2.7916666666666665,
    "2": 2.8958333333333335,
    "3": 2.7916666666666665,
    "4": 3.0416666666666665,
    "5": 3.1041666666666665,
    "6": 3.0833333333333335,
    "7": 2.8125,
    "8": 2.9791666666666665
  },
  "seer_check_value_by_seat": {
    "1": {
      "checks": 9,
      "hits": 1
    },
    "2": {
      "checks": 12,
      "hits": 1
    },
    "3": {
      "checks": 9,
      "hits": 4
    },
    "4": {
      "checks": 11,
      "hits": 2
    },
    "5": {
      "checks": 13,
      "hits": 5
    },
    "6": {
      "checks": 13,
      "hits": 5
    },
    "7": {
      "checks": 13,
      "hits": 4
    },
    "8": {
      "checks": 14,
      "hits": 4
    }
  },
  "witch_save_usage_by_seat": {
    "1": {
      "antidote": 5,
      "poison": 5
    },
    "2": {
      "antidote": 5,
      "poison": 3
    },
    "3": {
      "antidote": 4,
      "poison": 3
    },
    "4": {
      "antidote": 6,
      "poison": 5
    },
    "5": {
      "antidote": 6,
      "poison": 6
    },
    "6": {
      "antidote": 6,
      "poison": 6
    },
    "7": {
      "antidote": 3,
      "poison": 3
    },
    "8": {
      "antidote": 4,
      "poison": 3
    }
  },
  "vote_consistency_by_seat": {
    "1": 0.625,
    "2": 0.7560975609756098,
    "3": 0.5972222222222222,
    "4": 0.7613636363636364,
    "5": 0.8089887640449438,
    "6": 0.8,
    "7": 0.6746987951807228,
    "8": 0.8780487804878049
  },
  "speech_length_by_seat": {
    "1": 66.64583333333333,
    "2": 71.22916666666667,
    "3": 25.9375,
    "4": 90.08333333333333,
    "5": 55.416666666666664,
    "6": 73.97916666666667,
    "7": 69.54166666666667,
    "8": 82.75
  },
  "wolf_win_rate_by_model": {
    "openai:llama-4-maverick-17b-128e-instruct-fp8": 0.8333333333333334,
    "openai:gpt-4.1": 0.4166666666666667,
    "openai:glm-4-32b": 0.08333333333333333,
    "alibaba:qwen-turbo": 0.25,
    "anthropic:claude-haiku-4-5-20251001": 0.5,
    "google:gemini-2.0-flash": 0.6666666666666666,
    "openai:doubao-1-5-lite-32k-250115": 0.8333333333333334,
    "openai:deepseek-chat": 0.9166666666666666
  },
  "good_win_rate_by_model": {
    "openai:glm-4-32b": 0.2777777777777778,
    "alibaba:qwen-turbo": 0.3333333333333333,
    "anthropic:claude-haiku-4-5-20251001": 0.4166666666666667,
    "google:gemini-2.0-flash": 0.4722222222222222,
    "openai:doubao-1-5-lite-32k-250115": 0.5277777777777778,
    "openai:deepseek-chat": 0.5555555555555556,
    "openai:llama-4-maverick-17b-128e-instruct-fp8": 0.5277777777777778,
    "openai:gpt-4.1": 0.3888888888888889
  },
  "wolf_survival_days_by_model": {
    "openai:llama-4-maverick-17b-128e-instruct-fp8": 3.3333333333333335,
    "openai:gpt-4.1": 2.8333333333333335,
    "openai:glm-4-32b": 2.4166666666666665,
    "alibaba:qwen-turbo": 2.8333333333333335,
    "anthropic:claude-haiku-4-5-20251001": 2.8333333333333335,
    "google:gemini-2.0-flash": 3.25,
    "openai:doubao-1-5-lite-32k-250115": 3.1666666666666665,
    "openai:deepseek-chat": 3.1666666666666665
  },
  "wolf_elim_rate_by_model": {
    "openai:llama-4-maverick-17b-128e-instruct-fp8": 0.16666666666666666,
    "openai:gpt-4.1": 0.75,
    "openai:glm-4-32b": 0.9166666666666666,
    "alibaba:qwen-turbo": 0.75,
    "anthropic:claude-haiku-4-5-20251001": 0.9166666666666666,
    "google:gemini-2.0-flash": 0.3333333333333333,
    "openai:doubao-1-5-lite-32k-250115": 0.3333333333333333,
    "openai:deepseek-chat": 0.16666666666666666
  },
  "good_id_hit_rate_by_model": {
    "openai:glm-4-32b": 0.40404040404040403,
    "alibaba:qwen-turbo": 0.3904761904761905,
    "anthropic:claude-haiku-4-5-20251001": 0.35294117647058826,
    "google:gemini-2.0-flash": 0.37962962962962965,
    "openai:doubao-1-5-lite-32k-250115": 0.45098039215686275,
    "openai:deepseek-chat": 0.4537037037037037,
    "openai:llama-4-maverick-17b-128e-instruct-fp8": 0.4537037037037037,
    "openai:gpt-4.1": 0.44761904761904764
  },
  "belief_deviation_influenced_rate": 0.4577777777777778,
  "belief_deviation_influenced_rate_by_seat": {
    "1": 0.3333333333333333,
    "2": 0.6,
    "3": 0.19047619047619047,
    "4": 0.48148148148148145,
    "5": 0.45454545454545453,
    "6": 0.4444444444444444,
    "7": 0.2962962962962963,
    "8": 0.696969696969697
  }
}