{
  "win_rate_by_seat": {
    "1": 0.2916666666666667,
    "2": 0.375,
    "3": 0.4583333333333333,
    "4": 0.4583333333333333,
    "5": 0.625,
    "6": 0.375,
    "7": 0.4583333333333333,
    "8": 0.4583333333333333
  },
  "win_rate_by_role": {
    "werewolf": 0.625,
    "seer": 0.375,
    "witch": 0.375,
    "villager": 0.375
  },
  "avg_survival_rounds_by_seat": {
    "1": 2.7916666666666665,
    "2": 2.9375,
    "3": 2.8958333333333335,
    "4": 2.9375,
    "5": 3.1041666666666665,
    "6": 3.0208333333333335,
    "7": 3.0833333333333335,
    "8": 2.9791666666666665
  },
  "seer_check_value_by_seat": {
    "1": {
      "checks": 9,
      "hits": 2
    },
    "2": {
      "checks": 12,
      "hits": 3
    },
    "3": {
      "checks": 11,
      "hits": 5
    },
    "4": {
      "checks": 12,
      "hits": 4
    },
    "5": {
      "checks": 13,
      "hits": 5
    },
    "6": {
      "checks": 14,
      "hits": 5
    },
    "7": {
      "checks": 14,
      "hits": 4
    },
    "8": {
      "checks": 12,
      "hits": 3
    }
  },
  "witch_save_usage_by_seat": {
    "1": {
      "antidote": 5,
      "poison": 4
    },
    "2": {
      "antidote": 5,
      "poison": 5
    },
    "3": {
      "antidote": 4,
      "poison": 3
    },
    "4": {
      "antidote": 6,
      "poison": 5
    },
    "5": {
      "antidote": 6,
      "poison": 5
    },
    "6": {
      "antidote": 6,
      "poison": 4
    },
    "7": {
      "antidote": 3,
      "poison": 3
    },
    "8": {
      "antidote": 4,
      "poison": 4
    }
  },
  "vote_consistency_by_seat": {
    "1": 0.5633802816901409,
    "2": 0.8375,
    "3": 0.6455696202531646,
    "4": 0.75,
    "5": 0.8172043010752689,
    "6": 0.6931818181818182,
    "7": 0.8131868131868132,
    "8": 0.8095238095238095
  },
  "speech_length_by_seat": {
    "1": 60.4375,
    "2": 64.89583333333333,
    "3": 53.125,
    "4": 77.25,
    "5": 48.854166666666664,
    "6": 53.0625,
    "7": 65.4375,
    "8": 67.54166666666667
  },
  "wolf_win_rate_by_model": {
    "openai:llama-4-maverick-17b-128e-instruct-fp8": 0.5,
    "openai:gpt-4.1": 0.3333333333333333,
    "openai:glm-4-32b": 0.6666666666666666,
    "alibaba:qwen-turbo": 0.5,
    "anthropic:claude-haiku-4-5-20251001": 0.6666666666666666,
    "google:gemini-2.0-flash": 1.0,
    "openai:doubao-1-5-lite-32k-250115": 0.6666666666666666,
    "openai:deepseek-chat": 0.6666666666666666
  },
  "good_win_rate_by_model": {
    "openai:glm-4-32b": 0.3888888888888889,
    "alibaba:qwen-turbo": 0.3333333333333333,
    "anthropic:claude-haiku-4-5-20251001": 0.3888888888888889,
    "google:gemini-2.0-flash": 0.5,
    "openai:doubao-1-5-lite-32k-250115": 0.3888888888888889,
    "openai:deepseek-chat": 0.3888888888888889,
    "openai:llama-4-maverick-17b-128e-instruct-fp8": 0.3333333333333333,
    "openai:gpt-4.1": 0.2777777777777778
  },
  "wolf_survival_days_by_model": {
    "openai:llama-4-maverick-17b-128e-instruct-fp8": 2.9166666666666665,
    "openai:gpt-4.1": 2.6666666666666665,
    "openai:glm-4-32b": 3.0833333333333335,
    "alibaba:qwen-turbo": 2.9166666666666665,
    "anthropic:claude-haiku-4-5-20251001": 2.9166666666666665,
    "google:gemini-2.0-flash": 3.5833333333333335,
    "openai:doubao-1-5-lite-32k-250115": 3.3333333333333335,
    "openai:deepseek-chat": 3.0833333333333335
  },
  "wolf_elim_rate_by_model": {
    "openai:llama-4-maverick-17b-128e-instruct-fp8": 0.5,
    "openai:gpt-4.1": 0.75,
    "openai:glm-4-32b": 0.5,
    "alibaba:qwen-turbo": 0.6666666666666666,
    "anthropic:claude-haiku-4-5-20251001": 0.5833333333333334,
    "google:gemini-2.0-flash": 0.16666666666666666,
    "openai:doubao-1-5-lite-32k-250115": 0.4166666666666667,
    "openai:deepseek-chat": 0.4166666666666667
  },
  "good_id_hit_rate_by_model": {
    "openai:glm-4-32b": 0.41414141414141414,
    "alibaba:qwen-turbo": 0.42857142857142855,
    "anthropic:claude-haiku-4-5-20251001": 0.38235294117647056,
    "google:gemini-2.0-flash": 0.42592592592592593,
    "openai:doubao-1-5-lite-32k-250115": 0.46078431372549017,
    "openai:deepseek-chat": 0.4351851851851852,
    "openai:llama-4-maverick-17b-128e-instruct-fp8": 0.3888888888888889,
    "openai:gpt-4.1": 0.4095238095238095
  },
  "belief_deviation_influenced_rate": 0.4608695652173913,
  "belief_deviation_influenced_rate_by_seat": {
    "1": 0.5625,
    "2": 0.6071428571428571,
    "3": 0.27586206896551724,
    "4": 0.36,
    "5": 0.5757575757575758,
    "6": 0.375,
    "7": 0.4,
    "8": 0.5625
  }
}