{
  "win_rate_by_seat": {
    "1": 0.375,
    "2": 0.375,
    "3": 0.3333333333333333,
    "4": 0.4583333333333333,
    "5": 0.5,
    "6": 0.4166666666666667,
    "7": 0.5,
    "8": 0.375
  },
  "win_rate_by_role": {
    "werewolf": 0.6666666666666666,
    "seer": 0.3333333333333333,
    "witch": 0.3333333333333333,
    "villager": 0.3333333333333333
  },
  "avg_survival_rounds_by_seat": {
    "1": 3.0,
    "2": 3.0416666666666665,
    "3": 3.0208333333333335,
    "4": 3.0833333333333335,
    "5": 3.1875,
    "6": 3.3125,
    "7": 3.25,
    "8": 3.0
  },
  "seer_check_value_by_seat": {
    "1": {
      "checks": 13,
      "hits": 2
    },
    "2": {
      "checks": 15,
      "hits": 4
    },
    "3": {
      "checks": 11,
      "hits": 3
    },
    "4": {
      "checks": 12,
      "hits": 1
    },
    "5": {
      "checks": 11,
      "hits": 3
    },
    "6": {
      "checks": 14,
      "hits": 5
    },
    "7": {
      "checks": 11,
      "hits": 3
    },
    "8": {
      "checks": 14,
      "hits": 5
    }
  },
  "witch_save_usage_by_seat": {
    "1": {
      "antidote": 5,
      "poison": 3
    },
    "2": {
      "antidote": 4,
      "poison": 3
    },
    "3": {
      "antidote": 6,
      "poison": 5
    },
    "4": {
      "antidote": 4,
      "poison": 4
    },
    "5": {
      "antidote": 4,
      "poison": 4
    },
    "6": {
      "antidote": 5,
      "poison": 5
    },
    "7": {
      "antidote": 5,
      "poison": 5
    },
    "8": {
      "antidote": 4,
      "poison": 3
    }
  },
  "vote_consistency_by_seat": {
    "1": 0.6835443037974683,
    "2": 0.8554216867469879,
    "3": 0.6352941176470588,
    "4": 0.6666666666666666,
    "5": 0.8333333333333334,
    "6": 0.693069306930693,
    "7": 0.7582417582417582,
    "8": 0.7241379310344828
  },
  "speech_length_by_seat": {
    "1": 43.291666666666664,
    "2": 46.125,
    "3": 16.708333333333332,
    "4": 45.75,
    "5": 45.5,
    "6": 49.895833333333336,
    "7": 48.9375,
    "8": 49.708333333333336
  },
  "wolf_win_rate_by_model": {
    "openai:deepseek-chat": 0.75,
    "google:gemini-2.0-flash": 0.8333333333333334,
    "openai:glm-4-32b": 0.8333333333333334,
    "openai:doubao-1-5-lite-32k-250115": 0.5833333333333334,
    "anthropic:claude-3-haiku-20240307": 0.5,
    "openai:llama-4-maverick-17b-128e-instruct-fp8": 0.6666666666666666,
    "openai:gpt-4.1": 0.5833333333333334,
    "alibaba:qwen-turbo": 0.5833333333333334
  },
  "good_win_rate_by_model": {
    "openai:glm-4-32b": 0.3888888888888889,
    "openai:doubao-1-5-lite-32k-250115": 0.3055555555555556,
    "anthropic:claude-3-haiku-20240307": 0.2777777777777778,
    "openai:llama-4-maverick-17b-128e-instruct-fp8": 0.3333333333333333,
    "openai:gpt-4.1": 0.3055555555555556,
    "alibaba:qwen-turbo": 0.3055555555555556,
    "openai:deepseek-chat": 0.3611111111111111,
    "google:gemini-2.0-flash": 0.3888888888888889
  },
  "wolf_survival_days_by_model": {
    "openai:deepseek-chat": 3.1666666666666665,
    "google:gemini-2.0-flash": 3.1666666666666665,
    "openai:glm-4-32b": 3.5,
    "openai:doubao-1-5-lite-32k-250115": 3.3333333333333335,
    "anthropic:claude-3-haiku-20240307": 3.0833333333333335,
    "openai:llama-4-maverick-17b-128e-instruct-fp8": 3.5,
    "openai:gpt-4.1": 3.0,
    "alibaba:qwen-turbo": 3.0833333333333335
  },
  "wolf_elim_rate_by_model": {
    "openai:deepseek-chat": 0.3333333333333333,
    "google:gemini-2.0-flash": 0.25,
    "openai:glm-4-32b": 0.25,
    "openai:doubao-1-5-lite-32k-250115": 0.6666666666666666,
    "anthropic:claude-3-haiku-20240307": 0.8333333333333334,
    "openai:llama-4-maverick-17b-128e-instruct-fp8": 0.4166666666666667,
    "openai:gpt-4.1": 0.8333333333333334,
    "alibaba:qwen-turbo": 0.5833333333333334
  },
  "good_id_hit_rate_by_model": {
    "openai:glm-4-32b": 0.4857142857142857,
    "openai:doubao-1-5-lite-32k-250115": 0.45098039215686275,
    "anthropic:claude-3-haiku-20240307": 0.4537037037037037,
    "openai:llama-4-maverick-17b-128e-instruct-fp8": 0.3333333333333333,
    "openai:gpt-4.1": 0.38095238095238093,
    "alibaba:qwen-turbo": 0.43137254901960786,
    "openai:deepseek-chat": 0.4215686274509804,
    "google:gemini-2.0-flash": 0.38235294117647056
  },
  "belief_deviation_influenced_rate": 0.4189723320158103,
  "belief_deviation_influenced_rate_by_seat": {
    "6": 0.41025641025641024,
    "8": 0.46875,
    "4": 0.3333333333333333,
    "5": 0.45714285714285713,
    "2": 0.5517241379310345,
    "3": 0.15151515151515152,
    "7": 0.5277777777777778,
    "1": 0.45454545454545453
  }
}