{
  "win_rate_by_seat": {
    "1": 0.375,
    "2": 0.375,
    "3": 0.625,
    "4": 0.625,
    "5": 0.625,
    "6": 0.625,
    "7": 0.625,
    "8": 0.625
  },
  "win_rate_by_role": {
    "werewolf": 0.375,
    "seer": 0.625,
    "witch": 0.625,
    "villager": 0.625
  },
  "avg_survival_rounds_by_seat": {
    "1": 2.625,
    "2": 2.875,
    "3": 2.625,
    "4": 2.875,
    "5": 2.875,
    "6": 3.25,
    "7": 3.125,
    "8": 3.125
  },
  "seer_check_value_by_seat": {
    "1": {
      "checks": 0,
      "hits": 0
    },
    "2": {
      "checks": 0,
      "hits": 0
    },
    "3": {
      "checks": 13,
      "hits": 3
    },
    "4": {
      "checks": 0,
      "hits": 0
    },
    "5": {
      "checks": 0,
      "hits": 0
    },
    "6": {
      "checks": 0,
      "hits": 0
    },
    "7": {
      "checks": 0,
      "hits": 0
    },
    "8": {
      "checks": 0,
      "hits": 0
    }
  },
  "witch_save_usage_by_seat": {
    "1": {
      "antidote": 0,
      "poison": 0
    },
    "2": {
      "antidote": 0,
      "poison": 0
    },
    "3": {
      "antidote": 0,
      "poison": 0
    },
    "4": {
      "antidote": 6,
      "poison": 5
    },
    "5": {
      "antidote": 0,
      "poison": 0
    },
    "6": {
      "antidote": 0,
      "poison": 0
    },
    "7": {
      "antidote": 0,
      "poison": 0
    },
    "8": {
      "antidote": 0,
      "poison": 0
    }
  },
  "vote_consistency_by_seat": {
    "1": 0.6666666666666666,
    "2": 0.6470588235294118,
    "3": 0.45454545454545453,
    "4": 0.7272727272727273,
    "5": 0.7692307692307693,
    "6": 0.8125,
    "7": 0.8333333333333334,
    "8": 0.7647058823529411
  },
  "speech_length_by_seat": {
    "1": 53.125,
    "2": 92.0,
    "3": 32.25,
    "4": 46.5,
    "5": 56.75,
    "6": 89.125,
    "7": 60.0,
    "8": 48.75
  },
  "wolf_win_rate_by_model": {
    "grok:grok-3-mini": 0.375,
    "alibaba:qwen-72b-chat": 0.375
  },
  "good_win_rate_by_model": {
    "openai:glm-4-32b": 0.625,
    "deepseek:deepseek-chat": 0.625,
    "minmax:MiniMax-M2": 0.625,
    "openai:gpt-4.1": 0.625,
    "google:gemini-2.0-flash": 0.625,
    "moonshot:kimi-k2-thinking": 0.625
  },
  "wolf_survival_days_by_model": {
    "grok:grok-3-mini": 2.625,
    "alibaba:qwen-72b-chat": 2.875
  },
  "wolf_elim_rate_by_model": {
    "grok:grok-3-mini": 0.875,
    "alibaba:qwen-72b-chat": 0.625
  },
  "good_id_hit_rate_by_model": {
    "openai:glm-4-32b": 0.5833333333333334,
    "minmax:MiniMax-M2": 0.5416666666666666,
    "openai:gpt-4.1": 0.3333333333333333,
    "google:gemini-2.0-flash": 0.3333333333333333,
    "moonshot:kimi-k2-thinking": 0.5,
    "deepseek:deepseek-chat": 0.5555555555555556
  },
  "belief_deviation_influenced_rate": 0.4523809523809524,
  "belief_deviation_influenced_rate_by_seat": {
    "1": 1.0,
    "2": 0.5,
    "3": 0.3333333333333333,
    "4": 0.0,
    "5": 0.25,
    "6": 0.5,
    "7": 0.6666666666666666,
    "8": 0.25
  }
}