{
  "win_rate_by_seat": {
    "1": 0.375,
    "2": 0.625,
    "3": 0.375,
    "4": 0.375,
    "5": 0.375,
    "6": 0.125,
    "7": 0.625,
    "8": 0.625
  },
  "win_rate_by_role": {
    "werewolf": 0.625,
    "seer": 0.375,
    "witch": 0.375,
    "villager": 0.375
  },
  "avg_survival_rounds_by_seat": {
    "1": 3.125,
    "2": 3.375,
    "3": 3.25,
    "4": 3.375,
    "5": 3.375,
    "6": 3.25,
    "7": 3.5,
    "8": 3.25
  },
  "seer_check_value_by_seat": {
    "1": {
      "checks": 2,
      "hits": 0
    },
    "2": {
      "checks": 2,
      "hits": 0
    },
    "3": {
      "checks": 3,
      "hits": 1
    },
    "4": {
      "checks": 2,
      "hits": 1
    },
    "5": {
      "checks": 3,
      "hits": 1
    },
    "6": {
      "checks": 3,
      "hits": 1
    },
    "7": {
      "checks": 3,
      "hits": 1
    },
    "8": {
      "checks": 2,
      "hits": 0
    }
  },
  "witch_save_usage_by_seat": {
    "1": {
      "antidote": 1,
      "poison": 0
    },
    "2": {
      "antidote": 1,
      "poison": 1
    },
    "3": {
      "antidote": 1,
      "poison": 0
    },
    "4": {
      "antidote": 1,
      "poison": 1
    },
    "5": {
      "antidote": 0,
      "poison": 0
    },
    "6": {
      "antidote": 1,
      "poison": 1
    },
    "7": {
      "antidote": 1,
      "poison": 1
    },
    "8": {
      "antidote": 1,
      "poison": 1
    }
  },
  "vote_consistency_by_seat": {
    "1": 0.6363636363636364,
    "2": 0.7692307692307693,
    "3": 0.6428571428571429,
    "4": 0.8333333333333334,
    "5": 0.7222222222222222,
    "6": 0.6111111111111112,
    "7": 0.7647058823529411,
    "8": 0.8
  },
  "speech_length_by_seat": {
    "1": 37.25,
    "2": 42.625,
    "3": 16.5,
    "4": 59.25,
    "5": 54.0,
    "6": 61.625,
    "7": 52.5,
    "8": 52.5
  },
  "wolf_win_rate_by_model": {
    "openai:deepseek-chat": 0.5,
    "google:gemini-2.0-flash": 0.5,
    "openai:glm-4-32b": 1.0,
    "openai:doubao-1-5-lite-32k-250115": 1.0,
    "anthropic:claude-3-haiku-20240307": 0.5,
    "openai:llama-4-maverick-17b-128e-instruct-fp8": 0.0,
    "openai:gpt-4.1": 0.5,
    "alibaba:qwen-turbo": 1.0
  },
  "good_win_rate_by_model": {
    "openai:glm-4-32b": 0.5,
    "openai:doubao-1-5-lite-32k-250115": 0.5,
    "anthropic:claude-3-haiku-20240307": 0.3333333333333333,
    "openai:llama-4-maverick-17b-128e-instruct-fp8": 0.16666666666666666,
    "openai:gpt-4.1": 0.3333333333333333,
    "alibaba:qwen-turbo": 0.5,
    "openai:deepseek-chat": 0.3333333333333333,
    "google:gemini-2.0-flash": 0.3333333333333333
  },
  "good_id_hit_rate_by_model": {
    "openai:glm-4-32b": 0.5,
    "openai:doubao-1-5-lite-32k-250115": 0.4444444444444444,
    "anthropic:claude-3-haiku-20240307": 0.4444444444444444,
    "openai:llama-4-maverick-17b-128e-instruct-fp8": 0.3333333333333333,
    "openai:gpt-4.1": 0.3888888888888889,
    "alibaba:qwen-turbo": 0.4444444444444444,
    "openai:deepseek-chat": 0.4444444444444444,
    "google:gemini-2.0-flash": 0.3333333333333333
  },
  "wolf_id_hit_rate_by_model": {
    "openai:deepseek-chat": 0.9,
    "google:gemini-2.0-flash": 1.0,
    "openai:glm-4-32b": 1.0,
    "openai:doubao-1-5-lite-32k-250115": 1.0,
    "anthropic:claude-3-haiku-20240307": 1.0,
    "openai:llama-4-maverick-17b-128e-instruct-fp8": 1.0,
    "openai:gpt-4.1": 1.0,
    "alibaba:qwen-turbo": 1.0
  }
}