{
  "win_rate_by_seat": {
    "1": 0.328125,
    "2": 0.328125,
    "3": 0.421875,
    "4": 0.359375,
    "5": 0.421875,
    "6": 0.390625,
    "7": 0.421875,
    "8": 0.421875
  },
  "win_rate_by_role": {
    "werewolf": 0.953125,
    "seer": 0.046875,
    "witch": 0.046875,
    "villager": 0.046875
  },
  "avg_survival_rounds_by_seat": {
    "1": 2.5625,
    "2": 2.671875,
    "3": 2.53125,
    "4": 2.71875,
    "5": 2.71875,
    "6": 2.75,
    "7": 2.75,
    "8": 2.8125
  },
  "seer_check_value_by_seat": {
    "1": {
      "checks": 12,
      "hits": 4
    },
    "2": {
      "checks": 15,
      "hits": 8
    },
    "3": {
      "checks": 13,
      "hits": 7
    },
    "4": {
      "checks": 18,
      "hits": 6
    },
    "5": {
      "checks": 16,
      "hits": 7
    },
    "6": {
      "checks": 11,
      "hits": 7
    },
    "7": {
      "checks": 12,
      "hits": 3
    },
    "8": {
      "checks": 14,
      "hits": 7
    }
  },
  "witch_save_usage_by_seat": {
    "1": {
      "antidote": 5,
      "poison": 0
    },
    "2": {
      "antidote": 6,
      "poison": 0
    },
    "3": {
      "antidote": 5,
      "poison": 0
    },
    "4": {
      "antidote": 6,
      "poison": 0
    },
    "5": {
      "antidote": 5,
      "poison": 0
    },
    "6": {
      "antidote": 6,
      "poison": 0
    },
    "7": {
      "antidote": 5,
      "poison": 0
    },
    "8": {
      "antidote": 6,
      "poison": 0
    }
  },
  "vote_consistency_by_seat": {
    "1": 0.6081081081081081,
    "2": 0.7702702702702703,
    "3": 0.6282051282051282,
    "4": 0.6153846153846154,
    "5": 0.7662337662337663,
    "6": 0.6794871794871795,
    "7": 0.7692307692307693,
    "8": 0.7848101265822784
  },
  "speech_length_by_seat": {
    "1": 29.734375,
    "2": 29.875,
    "3": 11.265625,
    "4": 30.8125,
    "5": 29.125,
    "6": 29.78125,
    "7": 29.890625,
    "8": 32.703125
  },
  "wolf_win_rate_by_model": {
    "openai:deepseek-chat": 0.9166666666666666,
    "google:gemini-2.0-flash": 1.0,
    "openai:glm-4-32b": 1.0,
    "openai:doubao-1-5-lite-32k-250115": 1.0,
    "anthropic:claude-3-haiku-20240307": 1.0,
    "openai:llama-4-maverick-17b-128e-instruct-fp8": 0.9583333333333334,
    "openai:gpt-4.1": 0.875,
    "alibaba:qwen-turbo": 0.875
  },
  "good_win_rate_by_model": {
    "openai:doubao-1-5-lite-32k-250115": 0.075,
    "anthropic:claude-3-haiku-20240307": 0.075,
    "openai:llama-4-maverick-17b-128e-instruct-fp8": 0.05,
    "openai:gpt-4.1": 0.0,
    "alibaba:qwen-turbo": 0.0,
    "openai:deepseek-chat": 0.025,
    "google:gemini-2.0-flash": 0.075,
    "openai:glm-4-32b": 0.075
  },
  "good_id_hit_rate_by_model": {
    "openai:doubao-1-5-lite-32k-250115": 0.4594594594594595,
    "anthropic:claude-3-haiku-20240307": 0.46846846846846846,
    "openai:llama-4-maverick-17b-128e-instruct-fp8": 0.41228070175438597,
    "openai:gpt-4.1": 0.4537037037037037,
    "alibaba:qwen-turbo": 0.34210526315789475,
    "openai:deepseek-chat": 0.4774774774774775,
    "google:gemini-2.0-flash": 0.49074074074074076,
    "openai:glm-4-32b": 0.5092592592592593
  },
  "wolf_id_hit_rate_by_model": {
    "openai:deepseek-chat": 0.6181818181818182,
    "google:gemini-2.0-flash": 0.6090909090909091,
    "openai:glm-4-32b": 0.6086956521739131,
    "openai:doubao-1-5-lite-32k-250115": 0.6260869565217392,
    "anthropic:claude-3-haiku-20240307": 0.6083333333333333,
    "openai:llama-4-maverick-17b-128e-instruct-fp8": 0.6476190476190476,
    "openai:gpt-4.1": 0.6363636363636364,
    "alibaba:qwen-turbo": 0.6095238095238096
  }
}